Contact Name	Email
Abigail Mason	abbiemason@example.com
Agnella Lainge	alainge2f@example.com
Alan Waters	al.waters@example.com
Alie Skully	askully25@example.com
Alikee Inkster	aliinkster22@example.com
Alyson Cay	acay2h@example.com
Mr Andy Young	a_young@dickenson.com
Angelique Foyle	afoylem@example.com
Ardelis Fraczek	ardfraczek@example.com
Mr. Arthur Song	asong@uog.com
Ms. Ashley James	ajames@uog.com
Mr. Avi Green	agreen@uog.com
Ms. Barbara Levy	b.levy@expressexample.com
Barbara-anne Eadon	beadono@example.com
Bear Castagnier	bcastagnier2g@example.com
Bidget Vobes	bvobes28@example.com
Bonny Mogford	bmogford27@example.com
Brig Pledger	bpledger1o@example.com
Carmina Gemlbett	cgemlbett14@example.com
Caro Pashenkov	cpashenkovv@example.com
Carolus Maunder	cmaunder1l@example.com
Cassi Littlejohns	clittlejohnsc@example.com
Christoforo Coetzee	ccoetzee1g@example.com
Claudelle Selly	csellya@example.com
Codi Micklewright	cmicklewright21@example.com
Consolata Duffrie	cduffrie6@example.com
Danit Boldock	dboldock1s@example.com
Danya Costigan	dcostigan1z@example.com
Darill Bonnefin	dbonnefin1h@example.com
Darrick Linacre	darlinacre@example.com
Dasha Atton	datton2p@example.com
David Fletcher	david.fletcher94@example.com
De witt Bail	dbail1n@example.com
Delainey Ragbourne	dragbourne1x@example.com
Delia Kears	dkearsb@example.com
Deloria Tranter	dtranter2@example.com
Derward Duinbleton	dduinbleton1a@example.com
Dorette Saby	dsaby1e@example.com
Ebonee McCluin	emccluind@example.com
Ms. Edna Frank	efrank@genepoint.com
Eduardo DeSilva	edesilva@example.com
Elaina Coomber	ecoombers@example.com
Elna Kunat	ekunat2d@example.com
Enrique Leedes	eleedes1w@example.com
Erhard Baggelley	ebaggelley1c@example.com
Eric Jeffas	ejeffas@example.com
Erica Dennick	edennick1j@example.com
Essie Zupone	ezuponey@example.com
Estell Geyton	egeytone@example.com
Estelle Zottoli	ezottolil@example.com
Fabio Leisman	fableisman@example.com
Farrand Byford	fbyford1b@example.com
Feliks Anmore	fanmore13@example.com
Gar Demageard	gdemageardn@example.com
Garrick Spurier	gspurierg@example.com
Gaston Krystek	gkrystek2o@example.com
George Majors	gmajors@example.com
Gertie Flukes	gflukes2r@example.com
Ginnie Fortin	gfortin1@example.com
Gwendolin Hamsson	ghamsson1p@example.com
Harriet Linnemann	hlinnemann0@example.com
Hastings Secker	hseckerh@example.com
Hebert Seddon	hseddon2a@example.com
Hendrick Mercy	hmercy2q@example.com
Hewie Spieck	hspieckx@example.com
Humfrey Elcoate	helcoate1k@example.com
Isak Rogliero	irogliero24@example.com
Mr. Jack Rogers	jrogers@burlington.com
Jacquelynn Runge	jrunge18@example.com
Jamey Buxsey	jbuxsey23@example.com
Ms. Jane Grey	jane_gray@uoa.edu
Jessamine Hamlet	jhamlet2i@example.com
Jobie Sager	jsager1r@example.com
Mr. John Bond	bond_john@grandhotels.com
Joletta O'Mannion	jomannion11@example.com
Josh Davis	j.davis@expressexample.com
Kelwin Harbison	kharbison12@example.com
Kenyon Oldfield-Cherry	koldfieldcherry5@example.com
Kissee Cottom	kcottom19@example.com
Kristin McCrory	kmccrory20@example.com
Ms. Lauren Boyle	lboyle@uog.com
Lefty French	lfrench1u@example.com
Lilias Mecco	lmeccof@example.com
Ms. Liz D'Cruz	ldcruz@uog.com
Loraine Collip	lcollipq@example.com
Lorrie Clucas	lclucasz@example.com
Ly Advani	ly.advani@example.com
Lynda Duddell	lduddell8@example.com
Mab Cuming	mcuming9@example.com
Madeline Bertelet	mbertelet2j@example.com
Madelyn Torraco	dtranter2@example.com
Malynda Scotson	mscotson1v@example.com
Marthena Gerardeaux	mgerardeaux2n@example.com
Massimo Cancellario	mcancellario1m@example.com
Miguela Houlson	mhoulson16@example.com
Mira Kobke	mkobke2b@example.com
Moe Lenton	mlenton2c@example.com
Monika Tejwani	monika95@example.com
Muire Pendrick	mpendrickj@example.com
Nikolia Bury	nbury1i@example.com
Noam Whitcomb	nwhitcomb7@example.com
Noe Bambra	nbambra1f@example.com
Odette Benge	obenge2m@example.com
Oliy Dalrymple	odalrymplei@example.com
Ms. Pat Stumuller	pat@pyramid.net
Patricia Perez	pperez@example.com
Phelia Lunney	plunneyr@example.com
Rafe Trundler	rtrundler15@example.com
Raina Watkiss	rwatkiss2l@example.com
Ms. Rose Gonzalez	rose@edge.com
Ruben Josephy	rjosephy2k@example.com
Mr. Sean Forbes	sean@edge.com
Sebastien Goley	sgoley10@example.com
Sherilyn Ramel	sramel2e@example.com
Siffre Benka	sbenka1q@example.com
Siffre Seward	sseward1d@example.com
Sissie Chooter	schooterp@example.com
Ms. Stella Pavlova	spavlova@uog.com
Sylvia Rodriguez	srodriquez@example.com
Tadeas Tither	ttither3@example.com
Tan Byrde	tbyrde1t@example.com
Theodore Namendorf	thenamendorf@example.com
Mr. Tim Barr	barr_tim@grandhotels.com
Mr. Tom Ripley	tripley@uog.com
Tracey Armstrong	armstrong.t@example.com
Vernen Snowdon	vsnowdon29@example.com
Wilow Peasgood	wpeasgoodw@example.com
Worth Gallifont	wgallifont26@example.com
Xylia Custy	xcustyu@example.com
Zaccaria Marcroft	zmarcroft1y@example.com
